,count,mean,std,min,25%,50%,75%,max
Rank,16598.0,8300.605253645017,4791.853932896403,1.0,4151.25,8300.5,12449.75,16600.0
Year,16327.0,2006.4064433147546,5.828981114712807,1980.0,2003.0,2007.0,2010.0,2020.0
NA_Sales,16598.0,0.26466742981082064,0.8166830292988796,0.0,0.0,0.08,0.24,41.49
EU_Sales,16598.0,0.14665200626581515,0.5053512312869116,0.0,0.0,0.02,0.11,29.02
JP_Sales,16598.0,0.077781660441017,0.30929064808220297,0.0,0.0,0.0,0.04,10.22
Other_Sales,16598.0,0.0480630196409206,0.18858840291271461,0.0,0.0,0.01,0.04,10.57
Global_Sales,16598.0,0.5374406555006628,1.5550279355699124,0.01,0.06,0.17,0.47,82.74
